source_commit	path	sha256	bytes
15aa75164145414f3d5ffb801401c52d40cc5bcc	LICENSE	cfc7749b96f63bd31c3c42b5c471bf756814053e847c10f3eb003417bc523d30	11358
15aa75164145414f3d5ffb801401c52d40cc5bcc	NOTICE	62c5d3fb92414f37c4159c60a954469d72cf0a124d27ffd8042cde228629be71	129
15aa75164145414f3d5ffb801401c52d40cc5bcc	Package.swift	a49016d0251a5520084e4b66791d2e4fce5aeabafa4af2f83511afe05444daac	1299
15aa75164145414f3d5ffb801401c52d40cc5bcc	Sources/JPEGLS/Contract/CodecAPI.swift	08cf530448fca6775cc2ea333340412bbfd9d230af705a92dc70d1aa23f80218	7201
15aa75164145414f3d5ffb801401c52d40cc5bcc	Sources/JPEGLS/Contract/ContractCodec.swift	743ce2c296caa6831b34ce87ac0eadaa62f4b41ce9ca9fdc69490b164d74e266	15828
15aa75164145414f3d5ffb801401c52d40cc5bcc	Sources/JPEGLS/Contract/Errors.swift	28dfe029a80f39d5b5117e26b975df19de71c47da1c225ebe89f05637b35f2dd	1236
15aa75164145414f3d5ffb801401c52d40cc5bcc	Sources/JPEGLS/Contract/Image.swift	bece60770cd0c47be97d34520a6aba5e23017a2b42f97726e347e4b6d347e790	11583
15aa75164145414f3d5ffb801401c52d40cc5bcc	Sources/JPEGLS/Contract/ImageDescriptor.swift	357864653faa4f4b8edbfc04b576349791264eed3b8e3969479c7d20e3697a46	9278
15aa75164145414f3d5ffb801401c52d40cc5bcc	Sources/JPEGLS/Contract/ImageStorage.swift	c968cf88b0b6e5d46e96cb12e56119ffce15106a081741b74e21977d2fc318d6	6214
15aa75164145414f3d5ffb801401c52d40cc5bcc	Sources/JPEGLS/Contract/Options.swift	ac98cab93bc1d39b7e7447164d3f19823c8cebba40f6ef38e4547217e688cff5	5970
15aa75164145414f3d5ffb801401c52d40cc5bcc	Sources/JPEGLS/Core/JPEGLSBitstreamReader.swift	7d0c1d6b3a80dc58302729587afbb012388c89d4db0633b0fd9dfc445d89a24f	12452
15aa75164145414f3d5ffb801401c52d40cc5bcc	Sources/JPEGLS/Core/JPEGLSBitstreamWriter.swift	c1da879726ffb69b03e6fcb25f3f6d838365d2a86f59e37329169a4d0b7daf4e	10088
15aa75164145414f3d5ffb801401c52d40cc5bcc	Sources/JPEGLS/Core/JPEGLSColorTransformation.swift	91131687336ed72a406c8761fb4a4beea3acd03d51e5a2047c4ba7ae33bbe795	6732
15aa75164145414f3d5ffb801401c52d40cc5bcc	Sources/JPEGLS/Core/JPEGLSContextModel.swift	f5bcc51e0f07d2afca6d27296099f71f2a3b8026839aec0d7d7662a97da41eea	22304
15aa75164145414f3d5ffb801401c52d40cc5bcc	Sources/JPEGLS/Core/JPEGLSError.swift	541d93786dbb00d80407945ab8e3d9479d8bdbbee6d1f06c7bc1f568590fe557	6899
15aa75164145414f3d5ffb801401c52d40cc5bcc	Sources/JPEGLS/Core/JPEGLSFrameHeader.swift	bb75e997b8a17087028f6071bae9f1b5b6f93d804a581aa9ce1f2d51edfdc5b1	7314
15aa75164145414f3d5ffb801401c52d40cc5bcc	Sources/JPEGLS/Core/JPEGLSMappingTable.swift	6e9f8c048229343f58d45cae6560e2c096107c8ee0968735913a3faaa4673fc9	5066
15aa75164145414f3d5ffb801401c52d40cc5bcc	Sources/JPEGLS/Core/JPEGLSMarker.swift	a9f6fc5e030d3f82b83e60443539a9bb00b031109865c5ff8da469f6acf32005	3655
15aa75164145414f3d5ffb801401c52d40cc5bcc	Sources/JPEGLS/Core/JPEGLSPresetParameters.swift	7851674f3b3f1ee549f38009b895448218ca77518cbbd23b0c59c8721c3a0616	6637
15aa75164145414f3d5ffb801401c52d40cc5bcc	Sources/JPEGLS/Core/JPEGLSScanHeader.swift	e845811d398f41b42532a9fc1c374a9339579e1d117e419a6010def2b1207ea5	6707
15aa75164145414f3d5ffb801401c52d40cc5bcc	Sources/JPEGLS/Decoder/JPEGLSMultiComponentDecoder.swift	b6bcd1be8006e6869d5df50590ddf5c39285c77f014255603c6c4816fa92ce85	15890
15aa75164145414f3d5ffb801401c52d40cc5bcc	Sources/JPEGLS/Decoder/JPEGLSParser.swift	4bb8ea90523aa88064b2ba979a130acf3c829e1a7bfa2d085e7d1e9279f7d017	29628
15aa75164145414f3d5ffb801401c52d40cc5bcc	Sources/JPEGLS/Decoder/JPEGLSRegularModeDecoder.swift	b4f697047c48910fee395a97e27f13e7c742bbe5d7979b7b2bf24cf79ad9110a	20653
15aa75164145414f3d5ffb801401c52d40cc5bcc	Sources/JPEGLS/Decoder/JPEGLSRunModeDecoder.swift	37fc591ca38c9b04730ecd3d9202298e0561442b67844ff1565fb2cce11952dd	19522
15aa75164145414f3d5ffb801401c52d40cc5bcc	Sources/JPEGLS/Encoder/JPEGLSMultiComponentEncoder.swift	3043853fa2e4e95f9f9a235cc33ecfe29880e3ceccbb82eb739675874990eaa8	8029
15aa75164145414f3d5ffb801401c52d40cc5bcc	Sources/JPEGLS/Encoder/JPEGLSNearLossless.swift	b94439855b20a1c80f699e25d96d9aebb1ef9b1288424bae2858e433d5c5e32f	19949
15aa75164145414f3d5ffb801401c52d40cc5bcc	Sources/JPEGLS/Encoder/JPEGLSPixelBuffer.swift	733c604e6f51ae1bbdee1ba94eb7cc9c738bd3721cd72dcadff94a9ce6baf307	13800
15aa75164145414f3d5ffb801401c52d40cc5bcc	Sources/JPEGLS/Encoder/JPEGLSRegularMode.swift	37a92a57025ff70b8a7c40d0e2e23d0baf7e8c9e5021cd6f3b2614e0471b4a27	19707
15aa75164145414f3d5ffb801401c52d40cc5bcc	Sources/JPEGLS/Encoder/JPEGLSRunMode.swift	fe5ace16db31351f34196294df404512a8bc24e9be06620fc9a89bc3bbdbe7a4	14050
15aa75164145414f3d5ffb801401c52d40cc5bcc	Sources/JPEGLS/JPEGLS.swift	5dacd447fe629b7ffcd15df41262e0b754e8c5789a328686275fe37858eb1b8c	308
15aa75164145414f3d5ffb801401c52d40cc5bcc	Sources/JPEGLS/JPEGLSDecoder.swift	09665dca4fd6640674aa739665504e530be1862b060c15309415035992d36ec9	64535
15aa75164145414f3d5ffb801401c52d40cc5bcc	Sources/JPEGLS/JPEGLSEncoder.swift	2b1f62704c00435bef33cf26e0d25e5a2402730d674fa2de51cb7e24e3e2646b	85515
15aa75164145414f3d5ffb801401c52d40cc5bcc	Sources/JPEGLS/PNGSupport.swift	0ff314153470eefc97187a03d25deb6aa2996060502d77af9b8cf89503c5af6d	19037
15aa75164145414f3d5ffb801401c52d40cc5bcc	Sources/JPEGLS/TIFFSupport.swift	65c50713b205d9cd0fd7fa4ccd22ec7db17305008b95cba6166739367c65d9f8	19626
15aa75164145414f3d5ffb801401c52d40cc5bcc	Tests/JPEGLSTests/CLIArgumentParsingTests.swift	c3e99d0a72e3bf1b80b1765b560f50fee27b52acd28c2a120ac9f69b96872868	79838
15aa75164145414f3d5ffb801401c52d40cc5bcc	Tests/JPEGLSTests/ContractImageLayerTests.swift	3d79c88b30f92b5ad8a8a8414aaaa4e9ed4f93c1acbda9b52a2687ab9ba14022	13666
15aa75164145414f3d5ffb801401c52d40cc5bcc	Tests/JPEGLSTests/CoverageBoostTests.swift	03f7a3f7ad1af68fc4a3d0e785297c5984a9f778a71ff255a487ddb29ac81bc4	18101
15aa75164145414f3d5ffb801401c52d40cc5bcc	Tests/JPEGLSTests/DICOMIntegrationTests.swift	429ad8a35702cbd8d190c51556007e7f1e88392ad93237291311a777fa27764b	18435
15aa75164145414f3d5ffb801401c52d40cc5bcc	Tests/JPEGLSTests/EdgeCasesTests.swift	4d82de080e681de6ceb39436ab66149e3d1d242ce336fccd962b1f3b01bbe483	13617
15aa75164145414f3d5ffb801401c52d40cc5bcc	Tests/JPEGLSTests/JPEGLSBitstreamTests.swift	a6afcc4c91be42448a61a53708e9cec0f436fc06d40a2233e590c3ee9185898c	13421
15aa75164145414f3d5ffb801401c52d40cc5bcc	Tests/JPEGLSTests/JPEGLSColorTransformPhase114Tests.swift	53ffb6786a435b82db5f7c78d865f0c4135f1a2e4bfd960df72da43cd2148936	12404
15aa75164145414f3d5ffb801401c52d40cc5bcc	Tests/JPEGLSTests/JPEGLSColorTransformationTests.swift	761bbeeb617670f411e34d7652176e99fcb17ad0d5967e6bc8039d3f17303496	6876
15aa75164145414f3d5ffb801401c52d40cc5bcc	Tests/JPEGLSTests/JPEGLSConformanceTests.swift	6dd4c49a88eb28f3bcd61f3bc8ffa9fa0289cc22aca209519a8d4e40cf317b19	13177
15aa75164145414f3d5ffb801401c52d40cc5bcc	Tests/JPEGLSTests/JPEGLSContextModelTests.swift	b243fb7fa32e032df3349ba09e4cbe33bdd40fa43ce9bf3d01df112e69a2c58d	24902
15aa75164145414f3d5ffb801401c52d40cc5bcc	Tests/JPEGLSTests/JPEGLSDecoderTests.swift	e4b2cc22b36268b0c3ef71a41f977d7debbeb03dbe3e6e147c0092fbb2694a4a	21686
15aa75164145414f3d5ffb801401c52d40cc5bcc	Tests/JPEGLSTests/JPEGLSEncodeRoundTripTests.swift	82c7d71a26910d5417c906c5d55b199524a26d7935a05fb191e4571d482181fd	21577
15aa75164145414f3d5ffb801401c52d40cc5bcc	Tests/JPEGLSTests/JPEGLSEncoderTests.swift	6e4281f3fea01dbe7677922d706404f793df20899f1c8c7e8c59a77cb7179cea	7263
15aa75164145414f3d5ffb801401c52d40cc5bcc	Tests/JPEGLSTests/JPEGLSErrorTests.swift	d16c8309c0e3519474fce432d3764823dd408d25c7a34befad420a2afbe4ac7a	2114
15aa75164145414f3d5ffb801401c52d40cc5bcc	Tests/JPEGLSTests/JPEGLSExtendedDimensionTests.swift	5e5de7022d30e37b4ec9ee6b5a33370bdb3681452782248def278fc1ea041541	14092
15aa75164145414f3d5ffb801401c52d40cc5bcc	Tests/JPEGLSTests/JPEGLSFillByteTests.swift	0fec3f090bad4db08dadd5127351b213fa736d98f2fd5135f53d120a426ccd34	3671
15aa75164145414f3d5ffb801401c52d40cc5bcc	Tests/JPEGLSTests/JPEGLSFrameHeaderTests.swift	3d075a9969982924e7c6a82ec756fb05e9279662944aefc02793df7cc0d7129c	6151
15aa75164145414f3d5ffb801401c52d40cc5bcc	Tests/JPEGLSTests/JPEGLSInternalRoundTripTests.swift	b6ab4c4dfa5b8d3271a55da27ab3937b8b6ca3fb9380cee83829681ef2a756c6	27171
15aa75164145414f3d5ffb801401c52d40cc5bcc	Tests/JPEGLSTests/JPEGLSMappingTableTests.swift	29f2a69d77ffc88c42f7f6421997e3d1db138b13c254c62812d914006a2533f6	24419
15aa75164145414f3d5ffb801401c52d40cc5bcc	Tests/JPEGLSTests/JPEGLSMarkerTests.swift	38aea02fe46dc23503579ea9fc218a7294ae8976f323e7c7334221097fd114e3	2805
15aa75164145414f3d5ffb801401c52d40cc5bcc	Tests/JPEGLSTests/JPEGLSMultiComponentDecoderTests.swift	a1e9c68bfad512b20d54614a522b135afd58781149187facda23fa580ab5e42b	38207
15aa75164145414f3d5ffb801401c52d40cc5bcc	Tests/JPEGLSTests/JPEGLSMultiComponentEncoderTests.swift	223328a6ae8f8679f17222e26089e6e61f9350b1a69c1de13bfcb331e261bea7	13874
15aa75164145414f3d5ffb801401c52d40cc5bcc	Tests/JPEGLSTests/JPEGLSNearLosslessTests.swift	4f45dc8e5cdbde0802cb6f7af5f334f7808db137c40cf4d7a1c1d06a5ce66508	30866
15aa75164145414f3d5ffb801401c52d40cc5bcc	Tests/JPEGLSTests/JPEGLSPNGOutputTests.swift	5f2e7ffed98146add21c14dc3e8adab43c7910a2dc182d15e5972c745b12d70e	27629
15aa75164145414f3d5ffb801401c52d40cc5bcc	Tests/JPEGLSTests/JPEGLSPNMRoundTripTests.swift	775d4796ea977aa3b4125bd835c136f195fdad0852705fb3bd70cccc6fc65555	19918
15aa75164145414f3d5ffb801401c52d40cc5bcc	Tests/JPEGLSTests/JPEGLSParserTests.swift	770745c680ac306bcf6c7ef6b6a47d799d6cef882c5f7ac7d577d416055351e2	25352
15aa75164145414f3d5ffb801401c52d40cc5bcc	Tests/JPEGLSTests/JPEGLSPart2RegressionTests.swift	b5126157a9977ac5b2f5965d34b158337ad55793f4ac42a199c61ddcbc3951c6	17302
15aa75164145414f3d5ffb801401c52d40cc5bcc	Tests/JPEGLSTests/JPEGLSPerformanceBenchmarks.swift	c8f534b5779e0c0596b0b6f90ef0a06dffeb6f25e9c4912176d8c2d53764e80f	29274
15aa75164145414f3d5ffb801401c52d40cc5bcc	Tests/JPEGLSTests/JPEGLSPerformanceRegressionTests.swift	e24888a760a1bc6072085b1556f264bbdb79c038d88dbdfb74b461a5a45ad2cf	19875
15aa75164145414f3d5ffb801401c52d40cc5bcc	Tests/JPEGLSTests/JPEGLSPixelBufferTests.swift	10aa37fc6bad45b80f9e3e9d412d33a6f1a3d5f30af003e593737fddc363cd05	11649
15aa75164145414f3d5ffb801401c52d40cc5bcc	Tests/JPEGLSTests/JPEGLSPresetParametersTests.swift	53cf4c6ded80dbd266ec896eaeb42ab00039256b2e1716c032a954811c873471	7237
15aa75164145414f3d5ffb801401c52d40cc5bcc	Tests/JPEGLSTests/JPEGLSRegularModeDecoderTests.swift	6ea9fca27c6d0304abfad7d39226928f971abae7ae8663652b5f6b983d13a3da	29601
15aa75164145414f3d5ffb801401c52d40cc5bcc	Tests/JPEGLSTests/JPEGLSRegularModeTests.swift	06a920b54c0e91d7d58c458764b75f7cae0d2935936e96d87af892149e489049	21751
15aa75164145414f3d5ffb801401c52d40cc5bcc	Tests/JPEGLSTests/JPEGLSRestartIntervalTests.swift	68648bfa4b90be1041c813ab6718d444235f2fbe0d54a0451000b5009be8dcd4	6953
15aa75164145414f3d5ffb801401c52d40cc5bcc	Tests/JPEGLSTests/JPEGLSRobustnessRegressionTests.swift	efa43666f70821e4086c32ccc0f1f0508161750c6f8fc03fda393055b2c5ccd5	11433
15aa75164145414f3d5ffb801401c52d40cc5bcc	Tests/JPEGLSTests/JPEGLSRunModeDecoderTests.swift	23095fa3de0e6713067699adf2397f46d2c995b4e4387c2fff3bbbbdad9f4a88	34570
15aa75164145414f3d5ffb801401c52d40cc5bcc	Tests/JPEGLSTests/JPEGLSRunModeTests.swift	9fb25ed5e21899fd49ac413d44a19fb5e6b47072367f53710ca631bc5fcb9200	23825
15aa75164145414f3d5ffb801401c52d40cc5bcc	Tests/JPEGLSTests/JPEGLSScanHeaderTests.swift	4b42403eea6833431d65be9748a67e0205f8c5406f78dc76a2badaa4e72c3231	10565
15aa75164145414f3d5ffb801401c52d40cc5bcc	Tests/JPEGLSTests/JPEGLSTIFFOutputTests.swift	477eb48bf02933078229b2fb0970f7611041b99aee0dd3beec7255b66e62644f	24115
15aa75164145414f3d5ffb801401c52d40cc5bcc	Tests/JPEGLSTests/Phase16OptimisationTests.swift	6d20a1a1d8f815a025c71f057f821e5a4ccaee161a8fa653a4d85629b5d29cf5	22644
15aa75164145414f3d5ffb801401c52d40cc5bcc	Tests/JPEGLSTests/SyntheticFixtureSupport.swift	d14fa14aa9e42b549aa74bd69f19e218a3e5f198ab004bf6813bd28c274e8aa0	15792
